"Title","Year","Album.debut","Duration","Other.releases","Genre","Songwriter","Lead.vocal","Top.50.Billboard","Platinum","Score"
"12-Bar Original",1965,"Anthology 2",174,NA,"Blues","Lennon, McCartney, Harrison and Starkey","",NA,FALSE,6
"A Day in the Life",1967,"Sgt. Pepper's Lonely Hearts Club Band",335,12,"Psychedelic Rock, Art Rock, Pop/Rock","Lennon and McCartney","Lennon and McCartney",NA,TRUE,6
"A Hard Day's Night",1964,"UK: A Hard Day's Night US: 1962-1966",152,35,"Rock, Electronic, Pop/Rock","Lennon","Lennon, with McCartney",8,TRUE,6
"12-Bar Original",1965,"Anthology 2",174,NA,"Blues","Lennon, McCartney, Harrison and Starkey","",NA,FALSE,6
"A Shot of Rhythm and Blues",1963,"Live at the BBC",104,NA,"R&B, Pop/Rock","Thompson","Lennon",NA,TRUE,10
"A Taste of Honey",1963,"UK: Please Please Me US: The Early Beatles",163,29,"Pop/Rock, Jazz, Stage&Screen","Scott, Marlow","McCartney",NA,FALSE,6
"Across the Universe",1968,"Let It Be",230,19,"Psychedelic folk, Pop/Rock","Lennon","Lennon",NA,TRUE,9
"Act Naturally",1965,"UK: Help! US: Yesterday and Today",139,14,"Country, Pop/Rock","Russell, Morrison","Starkey",50,FALSE,9
"Ain't She Sweet",1961,"Anthology 1",NA,9,"Pop/Rock","Yellen, Ager","Lennon",41,FALSE,5
"All I've Got to Do",1963,"UK: With the Beatles US: Meet The Beatles!",124,9,"Pop/Rock","Lennon","Lennon",NA,FALSE,10
"All My Loving",1963,"UK: With the Beatles US: Meet The Beatles!",124,32,"Pop/Rock","McCartney","McCartney",NA,TRUE,6
"All Things Must Pass",1969,"Anthology 3",227,NA,"Folk Rock, Pop/Rock","Harrison","Harrison",NA,FALSE,7
"All Together Now",1967,"Yellow Submarine",130,8,"Skiffle, Pop/Rock","McCartney, with Lennon","McCartney, with Lennon",NA,FALSE,8
"All You Need Is Love",1967,"Magical Mystery Tour",237,25,"Pop/Rock","Lennon","Lennon",15,FALSE,8
"And I Love Her",1964,"UK: A Hard Day's Night US: Something New",152,29,"Pop/Rock","McCartney, with Lennon","McCartney",37,FALSE,10
"And Your Bird Can Sing",1966,"UK: Revolver US: Yesterday and Today",121,9,"Power Pop, Psychedelic Pop, Pop/Rock","Lennon, with McCartney","Lennon",NA,TRUE,10
"Anna (Go to Him)",1963,"UK: Please Please Me US: The Early Beatles",168,16,"Soul, Pop/Rock","Alexander","Lennon",NA,FALSE,10
"Another Girl",1965,"Help!",124,9,"Country Rock, Pop/Rock","McCartney","McCartney",NA,TRUE,5
"Any Time at All",1964,"UK: A Hard Day's Night US: Something New",133,15,"Pop/Rock","Lennon, with McCartney","Lennon, with McCartney",NA,TRUE,9
"Ask Me Why",1962,"UK: Please Please Me US: The Early Beatles",144,24,"Pop/Rock","Lennon, with McCartney","Lennon",NA,FALSE,6
"Baby It's You",1963,"UK: Please Please Me US: The Early Beatles",162,17,"Pop/Rock","Bacharach, David, Dixon","Lennon",NA,TRUE,8
"Baby's in Black",1964,"UK: Beatles for Sale US: Beatles '65",122,20,"Folk Rock, Pop/Rock","Lennon and McCartney","Lennon and McCartney",NA,FALSE,7
"Baby, You're a Rich Man",1967,"Magical Mystery Tour",183,10,"Psychedelic Pop, Psychedelic Rock, Pop/Rock","Lennon and McCartney","Lennon",48,TRUE,10
"Back in the U.S.S.R.",1968,"The Beatles",163,13,"Rock and Roll, Hard Rock, Pop/Rock","McCartney","McCartney",NA,FALSE,10
"Bad Boy",1965,"UK: A Collection of Beatles Oldies US: Beatles VI",NA,NA,"R&B","Williams","Lennon",NA,FALSE,8
"Bad to Me",1963,"The Beatles Bootleg Recordings 1963",142,NA,"Beat, Pop/Rock","Lennon","Lennon",NA,TRUE,9
"Beautiful Dreamer",1963,"On Air - Live at the BBC Volume 2",106,NA,"Pop/Rock","Foster","McCartney",NA,TRUE,5
"Because I Know You Love Me So",1969,"Let It Be... Naked - Fly on the Wall bonus disc",NA,NA,"","Lennon, McCartney","Lennon, McCartney",NA,TRUE,9
"Because",1969,"Abbey Road",165,11,"Pop/Rock","Lennon","Lennon, McCartney, Harrison",NA,FALSE,6
"Being for the Benefit of Mr. Kite!",1967,"Sgt. Pepper's Lonely Hearts Club Band",157,7,"Experimental Rock, Psychedelic Rock, Circus, Pop/Rock","Lennon, with McCartney","Lennon",NA,TRUE,5
"Birthday",1968,"The Beatles",162,11,"Hard Rock, Rock and Roll, Pop/Rock","McCartney, with Lennon","McCartney, with Lennon",NA,TRUE,7
"Blackbird",1968,"The Beatles",139,12,"Folk, Pop/Rock","McCartney","McCartney",NA,TRUE,9
"Blue Jay Way",1967,"Magical Mystery Tour",235,13,"Psychedelic Rock, Pop/Rock","Harrison","Harrison",NA,FALSE,10
"Boys",1963,"UK: Please Please Me US: The Early Beatles",144,21,"Rock and Roll, Pop/Rock","Dixon, Farrell","Starkey (Best)",NA,TRUE,6
"Bésame Mucho",1962,"Anthology 1",NA,NA,"Bolero","Velázquez, Skylar","McCartney",NA,FALSE,6
"Can't Buy Me Love",1964,"UK: A Hard Day's Night US: Hey Jude",131,42,"Pop/Rock","McCartney","McCartney, with Lennon",10,FALSE,10
"Carol",1963,"Live at the BBC",NA,NA,"Rock and Roll, Pop/Rock","Berry","Lennon",NA,TRUE,5
"Carry That Weight",1969,"Abbey Road",96,5,"Symphonic Rock, Pop/Rock","McCartney","McCartney, with Lennon, Harrison and Starkey",NA,FALSE,9
"Catswalk",1962,"",NA,NA,"Pop/Rock","McCartney","N/A",NA,TRUE,6
"Cayenne",1960,"Anthology 1",144,NA,"Instrumental Rock, Pop/Rock","McCartney","N/A",NA,FALSE,7
"Chains",1963,"UK: Please Please Me US: The Early Beatles",143,18,"Rock and Roll, Pop/Rock","Goffin, King","Harrison, with Lennon and McCartney",NA,FALSE,5
"Child of Nature",1968,"Let It Be... Naked - Fly on the Wall bonus disc",254,NA,"Soft Rock, Pop/Rock","Lennon","Lennon",NA,TRUE,10
"Christmas Time (Is Here Again)",1967,"The Beatles' Christmas Album",183,NA,"Pop/Rock","Lennon, McCartney, Harrison and Starkey","Lennon, McCartney, Harrison and Starkey",NA,TRUE,8
"Circles",1968,"",226,NA,"Hindustani Blues, Pop/Rock","Harrison","Harrison",NA,TRUE,5
"Clarabella",1963,"Live at the BBC",160,NA,"Pop/Rock","Pingatore","McCartney",NA,FALSE,9
"Come and Get It",1969,"Anthology 3",142,NA,"Power Pop, Pop/Rock","McCartney","McCartney",NA,FALSE,5
"Come Together",1969,"Abbey Road",258,17,"Blues Rock, Pop/Rock","Lennon","Lennon",6,FALSE,10
"Cry Baby Cry",1968,"The Beatles",183,10,"Pop/Rock","Lennon","Lennon, with McCartney",NA,TRUE,5
"Cry for a Shadow",1961,"Anthology 1",140,NA,"Instrumental Rock, Pop/Rock","Lennon and Harrison","N/A",NA,TRUE,9
"Crying, Waiting, Hoping",1963,"Live at the BBC",130,NA,"Rock and Roll, Pop/Rock","Buddy Holly","Harrison",NA,FALSE,7
"Day Tripper",1965,"UK: A Collection of Beatles Oldies US: Yesterday and Today",170,20,"Rock, Pop/Rock","Lennon, with McCartney","Lennon and McCartney",29,FALSE,10
"Dear Prudence",1968,"The Beatles",236,9,"Rock, Pop/Rock","Lennon","Lennon",NA,TRUE,5
"Devil in Her Heart",1963,"UK: With the Beatles US: The Beatles Second Album",147,11,"Rock, Pop/Rock","Drapkin (aka Ricky Dee)","Harrison",NA,TRUE,5
"Dig a Pony",1969,"Let It Be",232,12,"Blues Rock, Pop/Rock","Lennon","Lennon",NA,TRUE,7
"Dig It",1969,"Let It Be",51,10,"Rock, Pop/Rock","Lennon, with McCartney, Harrison and Starkey","Lennon",NA,TRUE,8
"Dizzy, Miss Lizzy",1965,"UK: Help! US: Beatles VI",145,18,"Rock and Roll, Pop/Rock","Williams","Lennon",NA,FALSE,7
"Do You Want to Know a Secret?",1963,"UK: Please Please Me US: The Early Beatles",116,23,"Pop/Rock","Lennon","Harrison",26,TRUE,8
"Doctor Robert",1966,"UK: Revolver US: Yesterday and Today",135,6,"Psychedelic Rock, Power Pop, Pop/Rock","Lennon, with McCartney","Lennon",NA,TRUE,5
"Don't Bother Me",1963,"UK: With the Beatles US: Meet The Beatles!",149,11,"Rock and Roll, Pop/Rock","Harrison","Harrison",NA,FALSE,10
"Don't Ever Change",1963,"Live at the BBC",123,NA,"Pop/Rock","Goffin, King","Harrison",NA,TRUE,10
"Don't Let Me Down",1969,"UK: 1967-1970 US: Hey Jude",215,17,"Blues Rock, Pop/Rock","Lennon","Lennon",NA,TRUE,10
"Don't Pass Me By",1968,"The Beatles",231,11,"Country Rock, Pop/Rock","Starkey","Starkey",NA,TRUE,8
"Drive My Car",1965,"UK: Rubber Soul US: Yesterday and Today",148,17,"Rock, R&B, Pop/Rock","McCartney, with Lennon","McCartney, with Lennon",NA,FALSE,6
"Eight Days a Week",1964,"UK: Beatles for Sale US: Beatles VI",164,23,"Rock, Pop/Rock","McCartney, with Lennon","Lennon, with McCartney",21,FALSE,9
"Eleanor Rigby",1966,"Revolver",128,16,"Baroque Pop, Art Rock, Pop/Rock","McCartney","McCartney",38,FALSE,6
"Etcetera",1968,"",NA,NA,"Pop/Rock","McCartney","McCartney",NA,TRUE,10
"Every Little Thing",1964,"UK: Beatles for Sale US: Beatles VI",121,9,"Rock, Pop/Rock","McCartney","Lennon, with McCartney",NA,TRUE,7
"Everybody's Got Something to Hide Except Me and My Monkey",1968,"The Beatles",144,10,"Hard Rock, Pop/Rock","Lennon","Lennon",NA,FALSE,10
"Everybody's Trying to Be My Baby",1964,"UK: Beatles for Sale US: Beatles '65",143,21,"Rock and Roll, Rockabilly, Pop/Rock","Perkins","Harrison",NA,FALSE,8
"Fancy My Chances with You",1969,"Let It Be... Naked - Fly on the Wall bonus disc",NA,NA,"Pop/Rock","?","?",NA,FALSE,10
"Fixing a Hole",1967,"Sgt. Pepper's Lonely Hearts Club Band",146,5,"Psychedelic pop, Baroque Pop, Pop/Rock","McCartney","McCartney",NA,FALSE,7
"Flying",1967,"Magical Mystery Tour",137,12,"Psychedelic Rock, Instrumental Rock, Space Rock, Pop/Rock","Lennon, McCartney, Harrison and Starkey","N/A",NA,TRUE,7
"For No One",1966,"Revolver",121,9,"Baroque Pop, Pop/Rock","McCartney","McCartney",NA,FALSE,10
"For You Blue",1969,"Let It Be",152,13,"Country Blues, Pop/Rock, Blues","Harrison","Harrison",NA,TRUE,6
"Free as a Bird",1977,"Anthology 1",266,NA,"Rock, Pop/Rock","Lennon, with McCartney, Harrison and Starkey","Lennon, McCartney and Harrison",39,TRUE,6
"From Me to You",1963,"UK: A Collection of Beatles Oldies US: 1962-1966",116,34,"Merseybeat, Pop/Rock","Lennon and McCartney","Lennon and McCartney",NA,TRUE,10
"From Us to You",1963,"Live at the BBC",NA,2,"Pop/Rock","Lennon and McCartney","Lennon and McCartney",NA,TRUE,7
"Get Back",1969,"Let It Be",194,28,"Blues Rock, Pop/Rock","McCartney","McCartney",4,FALSE,5
"Getting Better",1967,"Sgt. Pepper's Lonely Hearts Club Band",167,5,"Psychedelic Rock, Pop/Rock","McCartney, with Lennon","McCartney",NA,TRUE,10
"Girl",1965,"Rubber Soul",153,17,"Folk, Pop/Rock","Lennon","Lennon",NA,TRUE,6
"Glad All Over",1963,"Live at the BBC",112,NA,"Pop/Rock","Bennett, Tepper, Schroeder","Harrison",NA,FALSE,8
"Glass Onion",1968,"The Beatles",137,8,"Psychedelic Rock, Pop/Rock","Lennon","Lennon",NA,FALSE,10
"Golden Slumbers",1969,"Abbey Road",91,5,"Rock, Baroque Pop, Pop/Rock","McCartney","McCartney",NA,FALSE,7
"Good Day Sunshine",1966,"Revolver",129,7,"Sunshine Pop, Music Hall, Pop/Rock","McCartney","McCartney",NA,TRUE,8
"Good Morning, Good Morning",1967,"Sgt. Pepper's Lonely Hearts Club Band",161,6,"Rock, Hard Rock, Pop/Rock","Lennon","Lennon",NA,TRUE,6
"Good Night",1968,"The Beatles",191,8,"Orchestral Pop, Lullaby, Pop/Rock","Lennon","Starkey",NA,FALSE,5
"Goodbye",1969,"",NA,NA,"Children's, Pop/Rock","McCartney","McCartney",NA,FALSE,8
"Got to Get You into My Life",1966,"Revolver",147,8,"R&B, Rock, Jazz Fusion, Pop/Rock","McCartney","McCartney",23,FALSE,7
"Hallelujah, I Love Her So",1960,"Anthology 1",155,NA,"Blues, Jazz, R&B, Pop/Rock","Charles","McCartney",NA,TRUE,6
"Happiness Is a Warm Gun",1968,"The Beatles",163,7,"Pop/Rock","Lennon","Lennon",NA,TRUE,5
"Heather",1968,"",130,NA,"Rock, Pop/Rock","McCartney","McCartney",NA,TRUE,5
"Hello Little Girl",1962,"Anthology 1",NA,NA,"Merseybeat, Pop/Rock","Lennon","Lennon",NA,FALSE,8
"Hello, Goodbye",1967,"Magical Mystery Tour",207,14,"Pop/Rock","McCartney","McCartney",7,TRUE,9
"Help!",1965,"Help!",138,34,"Folk Rock, Pop/Rock","Lennon, with McCartney","Lennon",14,FALSE,10
"Helter Skelter",1968,"The Beatles",270,13,"Hard Rock, Heavy Metal[, Proto-Punk, Pop/Rock","McCartney","McCartney",NA,FALSE,8
"Her Majesty",1969,"Abbey Road",23,8,"Music Hall, Folk, Pop/Rock","McCartney","McCartney",NA,FALSE,9
"Here Comes the Sun",1969,"Abbey Road",186,6,"Folk Pop, Pop/Rock","Harrison","Harrison",NA,FALSE,9
"Here, There and Everywhere",1966,"Revolver",145,11,"Soft Rock, Pop/Rock","McCartney","McCartney",NA,FALSE,6
"Hey Bulldog",1968,"Yellow Submarine",194,12,"Psychedelic Rock, Hard Rock, Pop/Rock","Lennon","Lennon",NA,TRUE,8
"Hey Jude",1968,"UK: 1967-1970 US: Hey Jude",431,28,"Rock, Pop/Rock","McCartney","McCartney",1,TRUE,7
"Hippy Hippy Shake",1963,"Live at the BBC",106,NA,"Rock & Roll, Pop/Rock","Romero","McCartney",NA,TRUE,7
"Hold Me Tight",1963,"UK: With the Beatles US: Meet The Beatles!",152,16,"Rock & Roll, Pop/Rock","McCartney, with Lennon","McCartney",NA,TRUE,8
"Honey Don't",1964,"UK: Beatles for Sale US: Beatles '65",173,14,"Rockabilly, Pop/Rock","Perkins","Starkey",NA,TRUE,5
"Honey Pie",1968,"The Beatles",161,8,"Music Hall, Jazz, Ragtime, Pop/Rock","McCartney","McCartney",NA,FALSE,9
"How Do You Do It?",1962,"Anthology 1",119,NA,"Merseybeat, Pop/Rock","Murray","Lennon",NA,FALSE,6
"I Am the Walrus",1967,"Magical Mystery Tour",273,20,"Psychedelic Rock, Acid Rock, Experimental Rock, Pop/Rock","Lennon","Lennon",NA,FALSE,6
"I Call Your Name",1964,"UK: Past Masters Volume 1 US: The Beatles Second Album",129,16,"Rock, Pop/Rock","Lennon","Lennon",NA,TRUE,6
"I Don't Want to Spoil the Party",1964,"UK: Beatles for Sale US: Beatles VI",153,11,"Country Rock, Pop/Rock","Lennon","Lennon",49,TRUE,8
"I Feel Fine",1964,"UK: A Collection of Beatles Oldies US: Beatles '65",145,35,"Rock, Pop/Rock","Lennon","Lennon",11,TRUE,6
"I Forgot to Remember to Forget",1964,"Live at the BBC",148,NA,"Country, Pop/Rock","Stan Kesler and Charlie Feathers","Harrison",NA,FALSE,5
"I Got a Woman",1963,"Live at the BBC",151,NA,"Jump Blues, R&B, Pop/Rock","Charles","Lennon",NA,TRUE,7
"I Got to Find My Baby",1963,"Live at the BBC",116,NA,"Rock, Pop/Rock","Berry","Lennon",NA,FALSE,10
"I Just Don't Understand",1963,"Live at the BBC",167,NA,"Rock, Pop/Rock","Wilkin, Westberry","Lennon",NA,FALSE,6
"I Lost My Little Girl",1962,"",105,NA,"Rock, R&B, Pop/Rock","McCartney","Lennon",NA,TRUE,9
"I Me Mine",1970,"Let It Be",145,10,"Folk blues, Hard Rock, Pop/Rock","Harrison","Harrison",NA,TRUE,6
"I Need You",1965,"Help!",148,11,"Pop/Rock","Harrison","Harrison",NA,FALSE,8
"I Saw Her Standing There",1963,"UK: Please Please Me US: Meet The Beatles!",175,42,"Rock and Roll, Pop/Rock","McCartney, with Lennon","McCartney, with Lennon",36,TRUE,8
"I Should Have Known Better",1964,"UK: A Hard Day's Night US: Hey Jude",164,18,"Pop/Rock","Lennon","Lennon",NA,FALSE,10
"I Wanna Be Your Man",1963,"UK: With the Beatles US: Meet The Beatles!",103,25,"Rock and Roll, R&B, Pop/Rock","McCartney, with Lennon","Starkey",NA,TRUE,10
"I Want to Hold Your Hand",1963,"UK: A Collection of Beatles Oldies US: Meet The Beatles!",144,34,"Rock and Roll, Pop/Rock","Lennon and McCartney","Lennon and McCartney",2,FALSE,6
"I Want to Tell You",1966,"Revolver",149,5,"Psychedelic Rock, Pop/Rock","Harrison","Harrison",NA,TRUE,5
"I Want You (She's So Heavy)",1969,"Abbey Road",467,5,"Blues Rock, Hard Rock, Progressive Rock, Pop/Rock","Lennon","Lennon",NA,TRUE,5
"I Will",1968,"The Beatles",106,8,"Folk, Pop/Rock","McCartney","McCartney",NA,FALSE,10
"I'll Be Back",1964,"UK: A Hard Day's Night US: Beatles '65",140,14,"Rock, Pop/Rock","Lennon","Lennon, with McCartney",NA,TRUE,8
"I'll Be on My Way",1963,"Live at the BBC",118,NA,"Pop/Rock","McCartney","Lennon",NA,TRUE,6
"I'll Cry Instead",1964,"UK: A Hard Day's Night US: Something New",129,14,"Rock and Roll, Country, Pop/Rock","Lennon","Lennon",43,TRUE,5
"I'll Follow the Sun",1964,"UK: Beatles for Sale US: Beatles '65",106,17,"Folk Rock, Country, Pop/Rock","McCartney","McCartney, with Lennon",NA,FALSE,5
"I'll Get You",1963,"UK: Past Masters Volume 1 US: The Beatles Second Album",124,13,"Merseybeat, Pop/Rock","Lennon and McCartney","Lennon, with McCartney",NA,TRUE,5
"I'll Keep You Satisfied",1963,"",NA,NA,"Pop/Rock","McCartney, with Lennon","Lennon and/or McCartney",NA,FALSE,8
"I'm a Loser",1964,"UK: Beatles for Sale US: Beatles '65",151,17,"Folk Rock, Country, Pop/Rock","Lennon","Lennon",NA,TRUE,5
"I'm Down",1965,"Rock 'n' Roll Music",153,20,"Rock and Roll, Pop/Rock","McCartney","McCartney",NA,TRUE,10
"I'm Gonna Sit Right Down and Cry (Over You)",1963,"Live at the BBC",121,NA,"Pop/Rock","Thomas, Biggs","Lennon",NA,FALSE,8
"I'm Happy Just to Dance with You",1964,"UK: A Hard Day's Night US: Something New",118,5,"Rock, Pop/Rock","Lennon and McCartney","Harrison",NA,FALSE,8
"I'm In Love",1963,"The Beatles Bootleg Recordings 1963",92,NA,"Rock and Roll, Pop/Rock","Lennon","Lennon",NA,FALSE,6
"I'm Looking Through You",1965,"Rubber Soul",147,15,"Folk Rock, Pop/Rock","McCartney","McCartney, with Lennon",NA,TRUE,7
"I'm Only Sleeping",1966,"UK: Revolver US: Yesterday and Today",182,10,"Psychedelic Rock, Psychedelic Folk, Pop/Rock","Lennon","Lennon",NA,FALSE,9
"I'm So Tired",1968,"The Beatles",123,11,"Blues Rock, Pop/Rock","Lennon","Lennon",NA,FALSE,7
"I'm Talking About You",1962,"Live! at the Star-Club in Hamburg, Germany; 1962",NA,NA,"Rock and Roll, Pop/Rock","Berry","Lennon",NA,TRUE,7
"I'm Talking About You",1963,"On Air - Live at the BBC Volume 2",112,NA,"Pop/Rock","Berry","Lennon",NA,TRUE,9
"I've Got a Feeling",1969,"Let It Be",217,12,"Blues Rock, Pop/Rock","McCartney, with Lennon","McCartney, with Lennon",NA,FALSE,8
"I've Just Seen a Face",1965,"UK: Help! US: Rubber Soul",127,10,"Folk Rock, Country, Pop/Rock","McCartney","McCartney",NA,TRUE,9
"If I Fell",1964,"UK: A Hard Day's Night US: Something New",142,21,"Pop/Rock","Lennon","Lennon, with McCartney",NA,TRUE,6
"If I Needed Someone",1965,"UK: Rubber Soul US: Yesterday and Today",143,13,"Folk Rock, Pop/Rock","Harrison","Harrison",NA,FALSE,9
"If You've Got Trouble",1965,"Anthology 2",169,NA,"Rock, Pop/Rock","Lennon and McCartney","Starkey",NA,FALSE,10
"In My Life",1965,"Rubber Soul",148,12,"Baroque Pop, Pop/Rock","Lennon and McCartney","Lennon",NA,TRUE,9
"In Spite of All the Danger",1958,"Anthology 1",164,NA,"Skiffle, Blues, Rock and Roll, Pop/Rock","McCartney and Harrison","Lennon",NA,TRUE,7
"It Won't Be Long",1963,"UK: With the Beatles US: Meet The Beatles!",133,13,"Rock, Pop/Rock","Lennon, with McCartney","Lennon",NA,FALSE,7
"It's All Too Much",1967,"Yellow Submarine",388,11,"Psychedelic Rock, Acid Rock, Pop/Rock","Harrison","Harrison",NA,FALSE,6
"It's Only Love",1965,"UK: Help! US: Rubber Soul",115,15,"Folk Rock, Pop/Rock","Lennon","Lennon",NA,FALSE,10
"Jazz Piano Song",1969,"",NA,NA,"Boogie-Woogie","McCartney, Starkey","McCartney",NA,TRUE,6
"Jessie's Dream",1967,"",NA,NA,"","Lennon, McCartney, Harrison, Starkey","N/A",NA,FALSE,7
"Johnny B. Goode",1964,"Live at the BBC",161,NA,"Rock and Roll, Pop/Rock","Berry","Lennon",NA,FALSE,9
"Julia",1968,"The Beatles",174,10,"Folk, Pop/Rock","Lennon","Lennon",NA,FALSE,9
"Junk",1968,"Anthology 3",114,NA,"Folk, Pop/Rock","McCartney","McCartney",NA,TRUE,5
"Kansas City/Hey, Hey, Hey, Hey",1964,"UK: Beatles for Sale US: Beatles VI",163,8,"R&B, Rock and Roll, Pop/Rock","Leiber, Stoller/Penniman","McCartney",NA,FALSE,9
"Keep Your Hands Off My Baby",1963,"Live at the BBC",149,NA,"Pop/Rock","Goffin, King","Lennon",NA,TRUE,8
"Komm Gib Mir Deine Hand",1964,"UK: Rarities US: Something New",146,8,"Rock and Roll, Pop/Rock","Lennon/McCartney/Nicolas/Hellmer","Lennon and McCartney",NA,FALSE,10
"Lady Madonna",1968,"UK: 1967-1970 US: Hey Jude",136,21,"Rock and Roll, Pop/Rock","McCartney, with Lennon","McCartney",22,TRUE,5
"Leave My Kitten Alone",1964,"Anthology 1",177,NA,"Rock and Roll, Pop/Rock","Turner, McDougall","Lennon",NA,TRUE,8
"Lend Me Your Comb",1963,"Anthology 1",107,NA,"Pop/Rock","Twomey, Wise, Weisman","Lennon and McCartney",NA,TRUE,9
"Let It Be",1969,"Let It Be",243,28,"Rock, Gospel, Pop/Rock","McCartney","McCartney",5,FALSE,6
"Like Dreamers Do",1962,"Anthology 1",156,NA,"Rock, Merseybeat, Pop/Rock","McCartney","McCartney",NA,TRUE,6
"Little Child",1963,"UK: With the Beatles US: Meet The Beatles!",108,10,"Rock and Roll, Pop/Rock","Lennon and McCartney","Lennon and McCartney",NA,TRUE,7
"Lonesome Tears in My Eyes",1963,"Live at the BBC",156,NA,"Pop/Rock","J. Burnette, D. Burnette, Burlison, Mortimer","Lennon",NA,FALSE,8
"Long Tall Sally",1964,"UK: Rock 'n' Roll Music US: The Beatles Second Album",130,35,"Rock and Roll, Pop/Rock","Blackwell, Johnson, Penniman","McCartney",NA,FALSE,7
"Long, Long, Long",1968,"The Beatles",184,6,"Psychedelic Folk, Pop/Rock","Harrison","Harrison",NA,FALSE,7
"Looking Glass",1962,"",NA,NA,"Pop/Rock","McCartney","McCartney",NA,FALSE,10
"Love Me Do",1962,"UK: Please Please Me US: The Early Beatles",142,56,"Merseybeat, R&B, Pop/Rock","McCartney, with Lennon","McCartney, with Lennon",16,FALSE,9
"Love of the Loved",1962,"",122,NA,"Pop/Rock","McCartney, with Lennon","McCartney",NA,FALSE,7
"Love You To",1966,"Revolver",181,8,"Indian Music, Raga Rock","Harrison","Harrison",NA,FALSE,10
"Lovely Rita",1967,"Sgt. Pepper's Lonely Hearts Club Band",162,6,"Psychedelic Folk, Music Hall, Pop/Rock","McCartney","McCartney",NA,FALSE,7
"Lucille",1963,"Live at the BBC",141,NA,"Rock and Roll, Pop/Rock","Penniman, Collins","McCartney",NA,FALSE,7
"Lucy in the Sky with Diamonds",1967,"Sgt. Pepper's Lonely Hearts Club Band",208,5,"Psychedelic Rock, Pop/Rock","Lennon with McCartney","Lennon",NA,TRUE,6
"Madman",1969,"",197,NA,"Rock, Pop/Rock","Lennon","Lennon",NA,FALSE,7
"Maggie Mae",1969,"Let It Be",40,7,"Skiffle, Pop/Rock","Traditional, arr. Lennon, McCartney, Harrison, Starkey","Lennon",NA,TRUE,6
"Magical Mystery Tour",1967,"Magical Mystery Tour",171,20,"Psychedelic Rock, Pop/Rock","McCartney, with Lennon","McCartney",NA,TRUE,8
"Mailman, Bring Me No More Blues",1969,"Anthology 3",116,NA,"Pop/Rock","Row, Katz, Roberts, Clayton","Lennon",NA,FALSE,10
"Martha My Dear",1968,"The Beatles",148,6,"Music Hall, Pop/Rock","McCartney","McCartney",NA,TRUE,6
"Matchbox",1964,"UK: Rock 'n' Roll Music US: Something New",117,24,"Rock and roll, Rockabilly, Pop/Rock","Perkins, Jefferson","Starkey (Best)",40,FALSE,7
"Maxwell's Silver Hammer",1969,"Abbey Road",207,8,"Rock, Music Hall, Pop/Rock","McCartney","McCartney",NA,TRUE,6
"Mean Mr. Mustard",1969,"Abbey Road",66,6,"Pop/Rock","Lennon","Lennon",NA,TRUE,9
"Memphis, Tennessee",1963,"Live at the BBC",136,NA,"R&B, Rock and Roll, Pop/Rock","Berry","Lennon",NA,TRUE,5
"Michelle",1965,"Rubber Soul",160,19,"Pop/Rock","McCartney, with Lennon","McCartney",NA,TRUE,9
"Misery",1963,"UK: Please Please Me US: Rarities",107,23,"Pop/Rock","Lennon, with McCartney","Lennon, with McCartney",NA,TRUE,6
"Money (That's What I Want)",1963,"UK: With the Beatles US: The Beatles Second Album",167,24,"Pop/Rock","Gordy, Bradford","Lennon",NA,TRUE,5
"Moonlight Bay",1963,"Anthology 1",NA,NA,"Pop/Rock","Percy Wenrich, Edward Madden","Lennon, McCartney, Harrison, Eric Morecambe, Ernie Wise",NA,FALSE,6
"Mother Nature's Son",1968,"The Beatles",168,10,"Folk, Pop/Rock","McCartney","McCartney",NA,FALSE,9
"Mr. Moonlight",1964,"UK: Beatles for Sale US: Beatles '65",155,17,"Folk Rock, Pop/Rock","Johnson","Lennon",NA,FALSE,10
"My Bonnie",1961,"Anthology 1",NA,13,"Rock and Roll, Pop/Rock","Traditional, arr. Sheridan","Sheridan",45,FALSE,8
"No Reply",1964,"UK: Beatles for Sale US: Beatles '65",135,15,"Folk Rock, Pop/Rock","Lennon, with McCartney","Lennon, with McCartney",NA,TRUE,7
"Norwegian Wood (This Bird Has Flown)",1965,"Rubber Soul",125,18,"Folk Rock, Raga Rock, Pop/Rock","Lennon, with McCartney","Lennon",NA,TRUE,5
"Not a Second Time",1963,"UK: With the Beatles US: Meet The Beatles!",128,9,"Rock, Pop/Rock","Lennon","Lennon",NA,FALSE,10
"Not Guilty",1968,"Anthology 3",215,NA,"Jazz-Pop, Pop/Rock","Harrison","Harrison",NA,TRUE,10
"Nothin' Shakin' (But the Leaves on the Trees)",1963,"Live at the BBC",176,NA,"Pop/Rock","Fontaine","Harrison",NA,FALSE,9
"Nowhere Man",1965,"UK: Rubber Soul US: Yesterday and Today",164,23,"Folk Rock, Pop/Rock","Lennon","Lennon",27,FALSE,10
"Ob-La-Di, Ob-La-Da",1968,"The Beatles",187,16,"Ska, Pop/Rock","McCartney","McCartney",NA,TRUE,6
"Octopus's Garden",1969,"Abbey Road",168,10,"Rock, Pop/Rock","Starkey, with uncredited assistance from Harrison","Starkey",NA,FALSE,7
"Oh! Darling",1969,"Abbey Road",206,9,"Swamp Pop, Hard Rock, Pop/Rock","McCartney","McCartney",NA,FALSE,6
"Old Brown Shoe",1969,"UK: 1967-1970 US: Hey Jude",196,13,"Blues Rock, Pop/Rock","Harrison","Harrison",NA,TRUE,9
"One After 909",1969,"Let It Be",172,17,"Roots Rock, Pop/Rock","Lennon","Lennon, with McCartney",NA,TRUE,6
"One and One Is Two",1964,"",NA,NA,"","McCartney","McCartney",NA,TRUE,9
"Only a Northern Song",1967,"Yellow Submarine",207,9,"Psychedelic Rock, Pop/Rock","Harrison","Harrison",NA,TRUE,5
"Ooh! My Soul",1963,"Live at the BBC",97,NA,"Pop/Rock","Penniman","McCartney",NA,FALSE,5
"P.S. I Love You",1962,"UK: Please Please Me US: The Early Beatles",126,30,"Merseybeat, Pop/Rock","McCartney, with Lennon","McCartney",34,TRUE,5
"Paperback Writer",1966,"UK: A Collection of Beatles Oldies US: Hey Jude",138,27,"Hard Rock, Power Pop, Psychedelic Rock, Pop/Rock","McCartney","McCartney",19,TRUE,7
"Penny Lane",1966,"Magical Mystery Tour",183,22,"Progressive Pop, Baroque Pop, Psychedelic Pop, Psychedelic Rock, Pop/Rock","McCartney","McCartney",24,TRUE,6
"Piggies",1968,"The Beatles",124,9,"Baroque Pop, Folk, Pop/Rock","Harrison","Harrison",NA,FALSE,5
"Please Mr. Postman",1963,"UK: With the Beatles US: The Beatles Second Album",156,19,"Rock and Roll, Pop/Rock","Dobbins, Garrett, Holland, Bateman, Gorman","Lennon",NA,TRUE,5
"Please Please Me",1962,"UK: Please Please Me US: The Early Beatles",120,35,"Merseybeat, Rock and Roll, Pop/Rock","Lennon","Lennon, with McCartney",18,TRUE,6
"Polythene Pam",1969,"Abbey Road",72,8,"Pop/Rock","Lennon","Lennon",NA,FALSE,9
"Rain",1966,"UK: Rarities US: Hey Jude",179,15,"Psychedelic Rock, Pop/Rock","Lennon","Lennon",42,FALSE,6
"Real Love",1980,"Anthology 2",236,2,"Rock, Pop/Rock","Lennon, with McCartney, Harrison, Starkey","Lennon",47,FALSE,8
"Revolution 1",1968,"The Beatles",201,7,"Hard rock, Pop/Rock","Lennon","Lennon",NA,TRUE,6
"Revolution 9",1968,"The Beatles",502,7,"Avant-Garde, Musique Concrete, Experimental, Sound Collage, Pop/Rock","Lennon, with Ono and Harrison","N/A",NA,FALSE,10
"Revolution",1968,"UK: 1967-1970 US: Hey Jude",201,23,"Hard rock, Pop/Rock","Lennon","Lennon",32,TRUE,9
"Rip It Up/Shake, Rattle, and Roll/Blue Suede Shoes",1969,"Anthology 3",NA,NA,"Rock and Roll, Pop/Rock","Blackwell-Marascalco (""Rip It Up""), Calhoun (""Shake, Rattle, and Roll""), Perkins (""Blue Suede Shoes"")","Lennon and McCartney",NA,FALSE,9
"Rock and Roll Music",1964,"UK: Beatles for Sale US: Beatles '65",150,25,"Rock and Roll, Pop/Rock","Berry","Lennon",NA,TRUE,7
"Rocky Raccoon",1968,"The Beatles",213,9,"Country, Folk Rock, Pop/Rock","McCartney, with Lennon","McCartney",NA,TRUE,7
"Roll Over Beethoven",1963,"UK: With the Beatles US: The Beatles Second Album",168,31,"Rock and Roll, Pop/Rock","Berry","Harrison",NA,TRUE,9
"Run for Your Life",1965,"Rubber Soul",138,9,"Rock, Rock and Roll, Pop/Rock","Lennon, with McCartney","Lennon",NA,FALSE,10
"Savoy Truffle",1968,"The Beatles",174,7,"Soul, Blues Rock, Hard Rock, Pop/Rock","Harrison","Harrison",NA,TRUE,9
"Searchin'",1962,"Anthology 1",156,NA,"Rock and Roll, Pop/Rock","Leiber, Stoller","McCartney",NA,TRUE,10
"September in the Rain",1962,"",NA,NA,"Pop/Rock","Al Dubin, Harry Warren","McCartney",NA,FALSE,6
"Sexy Sadie",1968,"The Beatles",195,11,"Pop/Rock","Lennon","Lennon",NA,FALSE,6
"Sgt. Pepper's Lonely Hearts Club Band (Reprise)",1967,"Sgt. Pepper's Lonely Hearts Club Band",80,6,"Psychedelic Rock, Hard Rock, Pop/Rock","McCartney","McCartney, with Lennon and Harrison",NA,FALSE,8
"Sgt. Pepper's Lonely Hearts Club Band",1967,"Sgt. Pepper's Lonely Hearts Club Band",119,14,"Psychedelic Rock, Hard Rock, Pop/Rock","McCartney","McCartney, with Lennon",NA,TRUE,7
"Shakin' in the Sixties",1969,"",NA,NA,"Pop/Rock","Lennon","Lennon",NA,TRUE,10
"She Came in Through the Bathroom Window",1969,"Abbey Road",117,6,"Rock, Pop/Rock","McCartney","McCartney",NA,FALSE,9
"She Loves You",1963,"UK: A Collection of Beatles Oldies US: The Beatles Second Album",138,45,"Rock and Roll, Pop/Rock","Lennon and McCartney","Lennon and McCartney",3,FALSE,6
"She Said She Said",1966,"Revolver",157,7,"Psychedelic Rock, Acid Rock[, Pop/Rock","Lennon","Lennon",NA,FALSE,6
"She's a Woman",1964,"UK: Rarities US: Beatles '65",183,28,"Rock and Roll, R&B, Pop/Rock","McCartney","McCartney",31,TRUE,5
"She's Leaving Home",1967,"Sgt. Pepper's Lonely Hearts Club Band",215,7,"Baroque Pop, Pop/Rock","McCartney, with Lennon","McCartney, with Lennon",NA,TRUE,10
"Shout",1964,"Anthology 1",135,NA,"Rock and Roll, Gospel, Pop/Rock","Isley, Isley, Isley","Lennon, McCartney, Harrison and Starkey",NA,TRUE,9
"Sie Liebt Dich",1964,"UK: Rarities US: Rarities",139,9,"Rock and Roll, Pop/Rock","Lennon and McCartney/Nicolas/Montague","Lennon-McCartney",NA,FALSE,7
"Slow Down",1964,"UK: Rock 'n' Roll Music US: Something New",175,21,"Rock and Roll, Pop/Rock","Williams","Lennon",44,TRUE,8
"So How Come (No One Loves Me)",1963,"Live at the BBC",114,NA,"Pop/Rock","Bryant, Bryant","Harrison",NA,TRUE,7
"Soldier of Love (Lay Down Your Arms)",1963,"Live at the BBC",119,NA,"R&B, Pop/Rock","Cason, Moon","Lennon",NA,TRUE,8
"Some Other Guy",1963,"Live at the BBC",121,NA,"Rock and Roll, Pop/Rock","Leiber, Stoller, Barrett","Lennon and McCartney",NA,FALSE,9
"Something",1969,"Abbey Road",179,16,"Rock, Pop/Rock","Harrison","Harrison",30,TRUE,7
"Sour Milk Sea",1968,"",236,NA,"Hard Rock, Psychedelic Rock, Pop/Rock","Harrison","Harrison",NA,FALSE,6
"Step Inside Love/Los Paranoias",1968,"Anthology 3",150,NA,"Folk Rock, Pop/Rock","McCartney (Step Inside Love); Lennon, McCartney, Harrison and Starkey (Los Paranoias)","McCartney",NA,TRUE,8
"Strawberry Fields Forever",1966,"Magical Mystery Tour",245,20,"Psychedelic Rock, Art Pop, Psychedelic Pop, Pop/Rock","Lennon","Lennon",33,FALSE,7
"Sun King",1969,"Abbey Road",146,6,"Art Pop, Pop/Rock","Lennon","Lennon",NA,TRUE,5
"Sure to Fall (In Love with You)",1963,"Live at the BBC",141,NA,"Pop/Rock","Perkins, Claunch, Cantrell","McCartney",NA,TRUE,9
"Sweet Little Sixteen",1963,"Live at the BBC",141,NA,"Rock and Roll, Pop/Rock","Berry","Lennon",NA,FALSE,5
"Take Good Care of My Baby",1962,"",NA,NA,"Rock and Roll, Pop/Rock","Goffin, King","Harrison",NA,TRUE,8
"Taking a Trip to Carolina",1969,"Let It Be... Naked - Fly on the Wall bonus disc",NA,NA,"Pop/Rock","Starkey","Starkey",NA,FALSE,7
"Taxman",1966,"Revolver",159,10,"Rock, Hard Rock, Psychedelic Rock, Pop/Rock","Harrison, with uncredited contribution from Lennon","Harrison",NA,TRUE,5
"Teddy Boy",1969,"Anthology 3",145,NA,"Folk Rock, Pop/Rock","McCartney","McCartney",NA,TRUE,8
"Tell Me What You See",1965,"UK: Help! US: Beatles VI",156,10,"Rock, Pop/Rock","McCartney, with Lennon","McCartney, with Lennon",NA,TRUE,6
"Tell Me Why",1964,"UK: A Hard Day's Night US: Something New",130,15,"Rock and Roll, Pop/Rock","Lennon","Lennon",NA,TRUE,10
"Thank You Girl",1963,"UK: Rarities US: The Beatles Second Album",121,21,"Merseybeat, Pop/Rock","Lennon and McCartney","Lennon and McCartney",46,FALSE,9
"That Means a Lot",1965,"Anthology 2",146,NA,"Rock, Pop/Rock","McCartney","McCartney",NA,FALSE,5
"That'll Be the Day",1958,"Anthology 1",136,NA,"Rock and Roll, Rockabilly, Pop/Rock","Allison, Holly, Petty","Lennon",NA,FALSE,7
"That's All Right (Mama)",1963,"Live at the BBC",176,NA,"Rockabilly, Pop/Rock","Crudup","McCartney",NA,FALSE,7
"The Ballad of John and Yoko",1969,"UK: 1967-1970 US: Hey Jude",179,14,"Rock and Roll, Pop/Rock","Lennon","Lennon, with McCartney",28,TRUE,8
"The Continuing Story of Bungalow Bill",1968,"The Beatles",198,8,"Folk Rock, Pop/Rock","Lennon","Lennon, with Starkey",NA,FALSE,8
"The End",1969,"Abbey Road",140,6,"Hard Rock, Art Rock, Heavy Metal, Pop/Rock","McCartney","McCartney",NA,TRUE,7
"The Fool on the Hill",1967,"Magical Mystery Tour",180,15,"Baroque Pop, Pop/Rock","McCartney","McCartney",NA,FALSE,6
"The Honeymoon Song",1963,"Live at the BBC",NA,NA,"Pop/Rock","Theodorakis, Sansom","McCartney",NA,TRUE,5
"The Inner Light",1968,"UK: Rarities US: Rarities",156,10,"Indian Music, Raga Rock, Pop/Rock","Harrison","Harrison",NA,FALSE,6
"The Long and Winding Road",1969,"Let It Be",220,18,"Pop/Rock","McCartney","McCartney",20,TRUE,9
"The Night Before",1965,"Help!",153,13,"Electronic Pop/Rock","McCartney","McCartney",NA,FALSE,10
"The Saints",1962,"",NA,NA,"Pop/Rock","Traditional, arr. Sheridan","Sheridan",NA,TRUE,5
"The Sheik of Araby",1962,"Anthology 1",NA,NA,"Jazz, Pop/Rock","Smith, Wheeler-Snyder","Harrison",NA,FALSE,10
"The Word",1965,"Rubber Soul",161,6,"Rock, Pop/Rock","Lennon and McCartney","Lennon, McCartney and Harrison",NA,FALSE,7
"There's a Place",1963,"UK: Please Please Me US: Rarities",109,24,"Merseybeat, Rock and Roll, Pop/Rock","Lennon and McCartney","Lennon and McCartney",NA,FALSE,9
"Things We Said Today",1964,"UK: A Hard Day's Night US: Something New",158,22,"Rock, Pop/Rock","McCartney","McCartney",NA,FALSE,9
"Think for Yourself",1965,"Rubber Soul",138,7,"Pop/Rock","Harrison","Harrison",NA,FALSE,8
"This Boy",1963,"UK: Rarities US: Meet The Beatles!",133,23,"Doo Wop, Pop/Rock","Lennon","Lennon, with McCartney and Harrison",NA,TRUE,9
"Three Cool Cats",1962,"Anthology 1",128,NA,"R&B, Pop/Rock","Leiber, Stoller","Harrison",NA,TRUE,8
"Ticket to Ride",1965,"Help!",190,31,"Power Pop, Jangle Pop, Folk Rock, Pop/Rock","Lennon","Lennon, with McCartney",17,TRUE,7
"Till There Was You",1963,"UK: With the Beatles US: Meet The Beatles!",136,22,"Pop/Rock","Willson","McCartney",NA,TRUE,9
"Tip of My Tongue",1962,"",NA,NA,"Beat, Power Pop, Pop/Rock","Lennon and/or McCartney","McCartney/Lennon",NA,FALSE,6
"To Know Her is to Love Her",1963,"Live at the BBC",138,NA,"Pop/Rock","Spector","Lennon",NA,TRUE,10
"Tomorrow Never Knows",1966,"Revolver",178,14,"Psychedelic Rock, Hard Rock, Avant-Pop, Experimental Rock, Pop/Rock","Lennon","Lennon",NA,TRUE,9
"Too Much Monkey Business",1963,"Live at the BBC",176,NA,"Rock and Roll, R&B, Pop/Rock","Berry","Lennon",NA,TRUE,10
"Twist and Shout",1963,"UK: Please Please Me US: The Early Beatles",125,44,"Rock and Roll, R&B, Pop/Rock","Medley, Russell","Lennon",13,TRUE,9
"Two of Us",1969,"Let It Be",213,11,"Folk Rock, Pop/Rock","McCartney","McCartney, with Lennon",NA,FALSE,10
"Wait",1965,"Rubber Soul",136,8,"Folk Rock, Pop/Rock","McCartney, with Lennon","McCartney, with Lennon",NA,TRUE,6
"Watching Rainbows",1969,"",248,NA,"Rock, Pop/Rock","Lennon, with McCartney","Lennon",NA,TRUE,10
"We Can Work It Out",1965,"UK: A Collection of Beatles Oldies US: Yesterday and Today",135,19,"Folk Rock, Pop/Rock","McCartney, with Lennon","McCartney, with Lennon",9,FALSE,7
"What Goes On",1965,"UK: Rubber Soul US: Yesterday and Today",170,9,"Country rock, Country, Pop/Rock","Lennon and McCartney, with Starkey","Starkey",NA,TRUE,9
"What You're Doing",1964,"UK: Beatles for Sale US: Beatles VI",150,8,"Jangle pop, Pop/Rock","McCartney","McCartney",NA,TRUE,7
"What's The New Mary Jane",1968,"Anthology 3",372,NA,"Psychedelic Rock, Musique Concrete, Experimental Music, Outsider Music, Pop/Rock","Lennon","Lennon",NA,FALSE,8
"When I Get Home",1964,"UK: A Hard Day's Night US: Something New",138,14,"Rock and Roll, Pop/Rock","Lennon","Lennon",NA,TRUE,9
"When I'm Sixty-Four",1966,"Sgt. Pepper's Lonely Hearts Club Band",157,7,"Music Hall, Pop/Rock","McCartney","McCartney",NA,TRUE,10
"While My Guitar Gently Weeps",1968,"The Beatles",286,18,"Rock, Psychedelic Rock, Blues Rock, Pop/Rock","Harrison","Harrison",NA,FALSE,10
"Why Don't We Do It in the Road?",1968,"The Beatles",102,8,"Rock, Blues, Pop/Rock","McCartney","McCartney",NA,FALSE,9
"Wild Honey Pie",1968,"The Beatles",52,7,"Experimental pop, Lo-Fi, Psychedelic Folk, Pop/Rock","McCartney","McCartney",NA,FALSE,8
"Winston's Walk",1960,"",NA,NA,"","Lennon","N/A",NA,TRUE,6
"With a Little Help from My Friends",1967,"Sgt. Pepper's Lonely Hearts Club Band",164,6,"Pop Rock, Psychedelic Pop, Pop/Rock","Lennon and McCartney","Starkey",NA,TRUE,5
"Within You Without You",1967,"Sgt. Pepper's Lonely Hearts Club Band",305,7,"Indian Classical, Raga Rock, Pop/Rock","Harrison","Harrison",NA,FALSE,5
"Woman",1965,"",145,NA,"Folk Rock, Pop/Rock","McCartney (as Bernard Webb or A. Smith)","McCartney",NA,TRUE,6
"Words of Love",1964,"UK: Beatles for Sale US: Beatles VI",122,16,"Pop/Rock","Holly","Lennon and McCartney",NA,FALSE,9
"Yellow Submarine",1966,"Revolver",158,24,"Children's Music, Folk, Pop/Rock","McCartney","Starkey",25,FALSE,5
"Yer Blues",1968,"The Beatles",241,11,"Blues Rock, Hard Rock, Pop/Rock","Lennon","Lennon",NA,FALSE,6
"Yes It Is",1965,"UK: Rarities US: Beatles VI",161,16,"Pop/Rock","Lennon","Lennon, McCartney and Harrison",NA,TRUE,9
"Yesterday",1965,"UK: Help! US: Yesterday and Today",123,33,"Baroque Pop, Pop/Rock","McCartney","McCartney",12,FALSE,7
"You Can't Do That",1964,"UK: A Hard Day's Night US: The Beatles Second Album",157,25,"Rock and Roll, R&B, Pop/Rock","Lennon","Lennon",NA,FALSE,5
"You Know My Name (Look Up the Number)",1967,"UK: Rarities US: Rarities",261,4,"Comedy Rock, Jazz, Experimental Rock, Avant-Garde, Novelty, Pop/Rock","Lennon, with McCartney","Lennon and McCartney",NA,TRUE,8
"You Know What to Do",1964,"Anthology 1",119,NA,"Pop/Rock","Harrison","Harrison",NA,FALSE,8
"You Like Me Too Much",1965,"UK: Help! US: Beatles VI",155,12,"Pop/Rock","Harrison","Harrison",NA,FALSE,6
"You Never Give Me Your Money",1969,"Abbey Road",242,7,"Rock, Pop/Rock","McCartney","McCartney",NA,FALSE,7
"You Won't See Me",1965,"Rubber Soul",202,11,"Pop/Rock","McCartney","McCartney",NA,FALSE,8
"You'll Be Mine",1960,"Anthology 1",98,NA,"R&B, Experimental, Pop/Rock","Lennon and McCartney","McCartney",NA,FALSE,10
"You're Going to Lose That Girl",1965,"Help!",140,6,"Rock, Pop/Rock","Lennon","Lennon",NA,FALSE,9
"You've Got to Hide Your Love Away",1965,"Help!",131,12,"FolkPop/Rock","Lennon","Lennon",NA,TRUE,8
"You've Really Got a Hold on Me",1963,"UK: With the Beatles US: The Beatles Second Album",182,2,"Soul, Pop/Rock","Robinson","Lennon and Harrison",NA,FALSE,7
"Young Blood",1963,"Live at the BBC",116,NA,"Pop/Rock","Leiber, Stoller","Harrison",NA,TRUE,8
"Your Mother Should Know",1967,"Magical Mystery Tour",149,13,"Music Hall, Vaudeville Rock, Psychedelic Pop, Pop/Rock","McCartney","McCartney",NA,FALSE,9
"12-Bar Original",1965,"Anthology 2",174,NA,"Blues","Lennon, McCartney, Harrison and Starkey","",NA,FALSE,6
